reference_id,source_path,source_split,garment_type,pattern_type,full_garment_visible,body_visible,sleeve_visible,collar_visible,seam_level,fold_level,perspective_level,occlusion_level,multi_pattern,orientation_readable,period_readable,identity_readable,difficulty,include,exclude_reason,review_note
c3_00,validation/gt/185834341.jpg,validation,top,stripe,1,1,0,0,,,,,0,0,0,0,not_selected,0,not_selected_balanced_18,已检查完整候选图；not_selected_balanced_18
c3_01,validation/gt/208901380.jpg,validation,top,stripe,1,1,0,0,0,1,0,0,0,1,1,1,Easy,1,,单一纵条纹；主体平整；细肩带不作为 sleeve。
c3_02,validation/gt/208585020.jpg,validation,bag,stripe,0,0,0,0,,,,,0,0,0,0,not_selected,0,non_garment_bag,已检查完整候选图；non_garment_bag
c3_03,validation/gt/133141346.jpg,validation,trousers,stripe,1,1,0,0,,,,,0,0,0,0,not_selected,0,not_selected_balanced_18,已检查完整候选图；not_selected_balanced_18
c3_04,validation/gt/128222302.jpg,validation,top,stripe,1,1,1,0,2,2,0,0,0,1,1,1,Medium,1,,宽横条纹长袖；袖区弯折与主体方向不一致。
c3_05,validation/gt/143158365.jpg,validation,dress,stripe,1,1,0,0,,,,,0,0,0,0,not_selected,0,not_selected_balanced_18,已检查完整候选图；not_selected_balanced_18
c3_06,validation/gt/203984349.jpg,validation,top,mixed,1,1,1,1,2,2,0,0,1,1,1,1,Hard,1,,纵条纹、胸前红编饰与罗纹下摆；复杂归属，不含强遮挡。
c3_07,validation/gt/132604751.jpg,validation,dress,stripe,1,1,1,0,1,1,0,0,0,1,1,1,Easy,1,,主体横条纹平整；短袖少量倾斜。
c3_08,validation/gt/109017767.jpg,validation,top,stripe,1,1,1,0,2,2,0,0,0,1,1,1,Medium,1,,细横条纹主体；两侧短袖纹样明显倾斜。
c3_09,validation/gt/212063541.jpg,validation,dress,stripe,1,1,0,0,,,,,0,0,0,0,not_selected,0,not_selected_balanced_18,已检查完整候选图；not_selected_balanced_18
c3_10,validation/gt/195089983.jpg,validation,bag,stripe,0,0,0,0,,,,,0,0,0,0,not_selected,0,non_garment_bag,已检查完整候选图；non_garment_bag
c3_11,validation/gt/180654996.jpg,validation,top,mixed,1,1,1,0,2,2,0,0,1,1,1,1,Hard,1,,左侧星形、右侧横条纹；主体多纹样归属。
c3_12,validation/gt/132372376.jpg,validation,top,stripe,1,1,1,0,2,2,0,0,0,1,1,1,Medium,1,,细横条纹长袖；腰/袖轻至中度褶皱。
c3_13,validation/gt/173215720.jpg,validation,top,stripe,1,1,0,0,,,,,0,0,0,0,not_selected,0,main_pattern_unreadable_or_text_only,已检查完整候选图；main_pattern_unreadable_or_text_only
c3_14,validation/gt/76724420.jpg,validation,top,stripe,1,1,0,0,1,1,0,0,0,1,1,1,Easy,1,,纵条纹主体清晰；下摆有轻微褶皱。
c3_15,validation/gt/163628313.jpg,validation,top,stripe,1,1,0,0,,,,,0,0,0,0,not_selected,0,not_selected_balanced_18,已检查完整候选图；not_selected_balanced_18
c3_16,validation/gt/135313791.jpg,validation,top,stripe,1,1,0,0,,,,,0,0,0,0,not_selected,0,not_selected_balanced_18,已检查完整候选图；not_selected_balanced_18
c3_17,validation/gt/207310600.jpg,validation,top,stripe,1,1,0,0,,,,,0,0,0,0,not_selected,0,not_selected_balanced_18,已检查完整候选图；not_selected_balanced_18
c3_18,validation/gt/164180110.jpg,validation,top,stripe,1,1,0,0,,,,,0,0,0,0,not_selected,0,main_pattern_unreadable_or_text_only,已检查完整候选图；main_pattern_unreadable_or_text_only
c3_19,validation/gt/130640285.jpg,validation,top,mixed,1,1,1,0,2,2,0,0,1,1,1,1,Hard,1,,纯色上部、星形/横纹中部、长袖横纹；不同区域归属。
c3_20,validation/gt/170209329.jpg,validation,top,stripe,1,1,0,0,,,,,0,0,0,0,not_selected,0,not_selected_balanced_18,已检查完整候选图；not_selected_balanced_18
c3_21,validation/gt/143612123.jpg,validation,dress,stripe,1,1,0,0,,,,,0,0,0,0,not_selected,0,not_selected_balanced_18,已检查完整候选图；not_selected_balanced_18
c3_22,validation/gt/113903745.jpg,validation,top,stripe,1,1,0,0,,,,,0,0,0,0,not_selected,0,not_selected_balanced_18,已检查完整候选图；not_selected_balanced_18
c3_23,validation/gt/134200076.jpg,validation,top,stripe,1,1,0,0,2,2,0,0,0,1,1,1,Hard,1,,交叉胸片的多方向条纹；人工矩形衣片是近似标注。
c3_24,validation/gt/131434994.jpg,validation,top,plaid,1,1,0,0,,,,,0,0,0,0,not_selected,0,not_selected_balanced_18,已检查完整候选图；not_selected_balanced_18
c3_25,validation/gt/120689312.jpg,validation,top,plaid,1,1,1,1,2,2,0,0,0,0,1,1,Medium,1,,格纹主体与斜口袋不同局部方向；长袖。
c3_26,validation/gt/212127276.jpg,validation,bag,plaid,0,0,0,0,,,,,0,0,0,0,not_selected,0,non_garment_bag,已检查完整候选图；non_garment_bag
c3_27,validation/gt/192565637.jpg,validation,top,plaid,1,1,0,0,,,,,0,0,0,0,not_selected,0,not_selected_balanced_18,已检查完整候选图；not_selected_balanced_18
c3_28,validation/gt/179395505.jpg,validation,top,plaid,1,1,0,0,,,,,0,0,0,0,not_selected,0,not_selected_balanced_18,已检查完整候选图；not_selected_balanced_18
c3_29,validation/gt/205412194.jpg,validation,top,plaid,1,1,0,0,,,,,0,0,0,0,not_selected,0,not_selected_balanced_18,已检查完整候选图；not_selected_balanced_18
c3_30,validation/gt/207512162.jpg,validation,trousers,plaid,1,1,0,0,,,,,0,0,0,0,not_selected,0,not_selected_balanced_18,已检查完整候选图；not_selected_balanced_18
c3_31,validation/gt/187160861.jpg,validation,bag,plaid,0,0,0,0,,,,,0,0,0,0,not_selected,0,non_garment_bag,已检查完整候选图；non_garment_bag
c3_32,validation/gt/140681032.jpg,validation,dress,plaid,1,1,0,0,,,,,0,0,0,0,not_selected,0,not_selected_balanced_18,已检查完整候选图；not_selected_balanced_18
c3_33,validation/gt/117820562.jpg,validation,top,plaid,1,1,0,0,,,,,0,0,0,0,not_selected,0,not_selected_balanced_18,已检查完整候选图；not_selected_balanced_18
c3_34,validation/gt/178651994.jpg,validation,top,plaid,1,1,0,0,,,,,0,0,0,0,not_selected,0,main_pattern_unreadable_or_text_only,已检查完整候选图；main_pattern_unreadable_or_text_only
c3_35,validation/gt/171521430.jpg,validation,dress,plaid,1,1,0,0,,,,,0,0,0,0,not_selected,0,not_selected_balanced_18,已检查完整候选图；not_selected_balanced_18
c3_36,validation/gt/154938456.jpg,validation,top,plaid,1,1,0,0,,,,,0,0,0,0,not_selected,0,not_selected_balanced_18,已检查完整候选图；not_selected_balanced_18
c3_37,validation/gt/128372621.jpg,validation,top,plaid,1,1,0,0,,,,,0,0,0,0,not_selected,0,not_selected_balanced_18,已检查完整候选图；not_selected_balanced_18
c3_38,validation/gt/202748405.jpg,validation,top,plaid,1,1,0,0,,,,,0,0,0,0,not_selected,0,not_selected_balanced_18,已检查完整候选图；not_selected_balanced_18
c3_39,validation/gt/160776240.jpg,validation,top,plaid,1,1,1,1,1,1,0,0,0,0,1,1,Easy,1,,主体格纹平整；领口蝴蝶结作为轻缝线因素。
c3_40,validation/gt/199656959.jpg,validation,bag,plaid,0,0,0,0,,,,,0,0,0,0,not_selected,0,non_garment_bag,已检查完整候选图；non_garment_bag
c3_41,validation/gt/65265298.jpg,validation,trousers,plaid,1,1,0,0,,,,,0,0,0,0,not_selected,0,not_selected_balanced_18,已检查完整候选图；not_selected_balanced_18
c3_42,validation/gt/75056910_11.jpg,validation,top,plaid,1,1,0,0,,,,,0,0,0,0,not_selected,0,ownership_obscured,已检查完整候选图；ownership_obscured
c3_43,validation/gt/140748842.jpg,validation,top,plaid,1,1,1,1,2,2,0,0,0,0,1,1,Medium,1,,格纹衬衫；袖和衣身姿态不同，轻褶。
c3_44,validation/gt/150004721.jpg,validation,dress,plaid,1,1,0,0,,,,,0,0,0,0,not_selected,0,not_selected_balanced_18,已检查完整候选图；not_selected_balanced_18
c3_45,validation/gt/146234592.jpg,validation,dress,geometric,1,1,1,0,2,2,0,0,1,0,0,1,Hard,1,,几何/文字 motif；多区域归属；不是可读单一 stripe。
c3_46,validation/gt/210486726.jpg,validation,top,mixed,1,1,1,0,2,2,0,0,1,1,1,1,Hard,1,,格纹 body、纯色袖、白色下层；层次归属清楚。
c3_47,validation/gt/194999704.jpg,validation,dress,plaid,1,1,0,0,1,1,0,0,0,0,1,1,Easy,1,,格纹主体清晰；腰部轻褶；不声称完全平面。
c3_48,validation/gt/164086391.jpg,validation,bag,other,0,0,0,0,,,,,0,0,0,0,not_selected,0,non_garment_bag,已检查完整候选图；non_garment_bag
c3_49,validation/gt/136029961.jpg,validation,trousers,floral,1,1,0,0,,,,,0,0,0,0,not_selected,0,not_selected_balanced_18,已检查完整候选图；not_selected_balanced_18
c3_50,validation/gt/164341729.jpg,validation,top,other,1,1,0,0,,,,,0,0,0,0,not_selected,0,main_pattern_unreadable_or_text_only,已检查完整候选图；main_pattern_unreadable_or_text_only
c3_51,validation/gt/183915382.jpg,validation,top,other,1,1,0,0,,,,,0,0,0,0,not_selected,0,main_pattern_unreadable_or_text_only,已检查完整候选图；main_pattern_unreadable_or_text_only
c3_52,validation/gt/161182519.jpg,validation,top,other,1,1,0,0,,,,,0,0,0,0,not_selected,0,main_pattern_unreadable_or_text_only,已检查完整候选图；main_pattern_unreadable_or_text_only
c3_53,validation/gt/129631697.jpg,validation,top,other,1,1,0,0,,,,,0,0,0,0,not_selected,0,main_pattern_unreadable_or_text_only,已检查完整候选图；main_pattern_unreadable_or_text_only
c3_54,validation/gt/182223393.jpg,validation,top,other,1,1,0,0,,,,,0,0,0,0,not_selected,0,main_pattern_unreadable_or_text_only,已检查完整候选图；main_pattern_unreadable_or_text_only
c3_55,validation/gt/166535296.jpg,validation,trousers,other,1,1,0,0,,,,,0,0,0,0,not_selected,0,not_selected_balanced_18,已检查完整候选图；not_selected_balanced_18
c3_56,validation/gt/135812421.jpg,validation,dress,floral,1,1,0,0,1,1,0,0,0,0,0,1,Easy,1,,花卉主体可读；方向/周期不作强方向监督。
c3_57,validation/gt/207476502.jpg,validation,dress,floral,1,1,0,0,,,,,0,0,0,0,not_selected,0,not_selected_balanced_18,已检查完整候选图；not_selected_balanced_18
c3_58,validation/gt/162014220.jpg,validation,top,other,1,1,0,0,,,,,0,0,0,0,not_selected,0,not_selected_balanced_18,已检查完整候选图；not_selected_balanced_18
c3_59,validation/gt/176625329.jpg,validation,top,floral,1,1,0,0,,,,,0,0,0,0,not_selected,0,not_selected_balanced_18,已检查完整候选图；not_selected_balanced_18
c3_60,validation/gt/193174190.jpg,validation,top,other,1,1,0,0,,,,,0,0,0,0,not_selected,0,main_pattern_unreadable_or_text_only,已检查完整候选图；main_pattern_unreadable_or_text_only
c3_61,validation/gt/180518546.jpg,validation,top,floral,1,1,0,0,,,,,0,0,0,0,not_selected,0,not_selected_balanced_18,已检查完整候选图；not_selected_balanced_18
c3_62,validation/gt/113364993.jpg,validation,top,other,1,1,0,0,,,,,0,0,0,0,not_selected,0,main_pattern_unreadable_or_text_only,已检查完整候选图；main_pattern_unreadable_or_text_only
c3_63,validation/gt/104712379.jpg,validation,top,other,1,1,0,0,,,,,0,0,0,0,not_selected,0,main_pattern_unreadable_or_text_only,已检查完整候选图；main_pattern_unreadable_or_text_only
c3_64,validation/gt/162396441.jpg,validation,top,other,1,1,0,0,,,,,0,0,0,0,not_selected,0,main_pattern_unreadable_or_text_only,已检查完整候选图；main_pattern_unreadable_or_text_only
c3_65,validation/gt/204963899.jpg,validation,dress,floral,1,1,1,0,2,2,0,0,0,0,0,1,Medium,1,,花卉长袖裙；袖与腰褶影响 motif。
c3_66,validation/gt/144617880.jpg,validation,bag,other,0,0,0,0,,,,,0,0,0,0,not_selected,0,non_garment_bag,已检查完整候选图；non_garment_bag
c3_67,validation/gt/78540860.jpg,validation,dress,other,1,1,0,0,,,,,0,0,0,0,not_selected,0,not_selected_balanced_18,已检查完整候选图；not_selected_balanced_18
c3_68,validation/gt/212025543.jpg,validation,top,other,1,1,0,0,,,,,0,0,0,0,not_selected,0,main_pattern_unreadable_or_text_only,已检查完整候选图；main_pattern_unreadable_or_text_only
c3_69,validation/gt/139450984.jpg,validation,bag,other,0,0,0,0,,,,,0,0,0,0,not_selected,0,non_garment_bag,已检查完整候选图；non_garment_bag
c3_70,validation/gt/201618660.jpg,validation,top,other,1,1,0,0,,,,,0,0,0,0,not_selected,0,main_pattern_unreadable_or_text_only,已检查完整候选图；main_pattern_unreadable_or_text_only
c3_71,validation/gt/178717055.jpg,validation,top,other,1,1,0,0,,,,,0,0,0,0,not_selected,0,main_pattern_unreadable_or_text_only,已检查完整候选图；main_pattern_unreadable_or_text_only
